group,gfct,ID,week,eggs,infection,fact
green,a,G1,1,7,1,in
green,a,G2,1,0,1,in
green,a,G3,1,7,1,in
green,a,G4,1,0,0,un
green,a,G5,1,2,0,un
green,a,G6,1,8,0,un
green,a,G7,1,4,1,in
green,a,G8,1,4,1,in
green,a,G9,1,2,1,in
green,a,G10,1,3,1,in
green,a,G11,1,3,1,in
green,a,G12,1,8,1,in
green,a,G13,1,8,1,in
green,a,G14,1,6,1,in
green,a,G15,1,0,NA,NA
green,a,G16,1,0,0,un
green,a,G17,1,4,1,in
green,a,G18,1,6,1,in
green,a,G19,1,0,1,in
green,a,G20,1,6,1,in
green,a,G21,1,2,1,in
green,a,G22,1,7,1,in
green,a,G23,1,7,1,in
green,a,G24,1,1,NA,NA
green,a,G25,1,6,1,in
green,a,G26,1,5,1,in
green,a,G27,1,7,1,in
green,a,G28,1,5,1,in
green,a,G29,1,9,0,un
green,a,G30,1,6,1,in
green,a,G31,1,5,0,un
green,a,G32,1,7,1,in
green,a,G33,1,8,0,un
green,a,G34,1,6,1,in
green,a,G35,1,4,0,un
green,a,G36,1,3,0,un
green,a,G37,1,7,1,in
green,a,G38,1,7,1,in
green,a,G39,1,0,0,un
green,a,G40,1,8,1,in
green,a,G41,1,0,1,in
green,a,G42,1,11,0,un
green,a,G43,1,8,1,in
green,a,G44,1,0,1,in
green,a,G45,1,5,1,in
green,a,G46,1,6,1,in
green,a,G47,1,8,0,un
green,a,G48,1,3,1,in
green,a,G49,1,8,0,un
green,a,G50,1,4,1,in
green,a,G51,1,7,0,un
green,a,G52,1,8,1,in
green,a,G53,1,1,0,un
green,a,G54,1,8,1,in
green,a,G55,1,2,0,in
green,a,G56,1,4,1,in
green,a,G57,1,0,0,un
green,a,G58,1,5,1,in
green,a,G59,1,3,0,un
green,a,G60,1,5,1,in
green,a,G1,2,4,1,in
green,a,G2,2,0,1,in
green,a,G3,2,5,1,in
green,a,G4,2,0,0,un
green,a,G5,2,6,0,un
green,a,G6,2,3,0,un
green,a,G7,2,3,1,in
green,a,G8,2,3,1,in
green,a,G9,2,4,1,in
green,a,G10,2,7,1,in
green,a,G11,2,2,1,in
green,a,G12,2,11,1,in
green,a,G13,2,7,1,in
green,a,G14,2,7,1,in
green,a,G15,2,0,NA,NA
green,a,G16,2,0,0,un
green,a,G17,2,4,1,in
green,a,G18,2,6,1,in
green,a,G19,2,4,1,in
green,a,G20,2,4,1,in
green,a,G21,2,5,1,in
green,a,G22,2,5,1,in
green,a,G23,2,2,1,in
green,a,G24,2,0,NA,NA
green,a,G25,2,5,1,in
green,a,G26,2,4,1,in
green,a,G27,2,4,1,in
green,a,G28,2,5,1,in
green,a,G29,2,5,0,un
green,a,G30,2,6,1,in
green,a,G31,2,4,0,un
green,a,G32,2,5,1,in
green,a,G33,2,5,0,un
green,a,G34,2,6,1,in
green,a,G35,2,5,0,un
green,a,G36,2,3,0,un
green,a,G37,2,3,1,in
green,a,G38,2,5,1,in
green,a,G39,2,5,0,un
green,a,G40,2,4,1,in
green,a,G41,2,2,1,in
green,a,G42,2,7,0,un
green,a,G43,2,5,1,in
green,a,G44,2,5,1,in
green,a,G45,2,3,1,in
green,a,G46,2,5,1,in
green,a,G47,2,5,0,un
green,a,G48,2,3,1,in
green,a,G49,2,9,0,un
green,a,G50,2,2,1,in
green,a,G51,2,1,0,un
green,a,G52,2,7,1,in
green,a,G53,2,4,0,un
green,a,G54,2,8,1,in
green,a,G55,2,1,0,in
green,a,G56,2,4,1,in
green,a,G57,2,1,0,un
green,a,G58,2,2,1,in
green,a,G59,2,2,0,un
green,a,G60,2,3,1,in
green,a,G1,3,0,1,in
green,a,G2,3,0,1,in
green,a,G3,3,0,1,in
green,a,G4,3,0,0,un
green,a,G5,3,1,0,un
green,a,G6,3,1,0,un
green,a,G7,3,1,1,in
green,a,G8,3,0,1,in
green,a,G9,3,2,1,in
green,a,G10,3,2,1,in
green,a,G11,3,0,1,in
green,a,G12,3,6,1,in
green,a,G13,3,4,1,in
green,a,G14,3,4,1,in
green,a,G15,3,NA,NA,NA
green,a,G16,3,0,0,un
green,a,G17,3,0,1,in
green,a,G18,3,1,1,in
green,a,G19,3,1,1,in
green,a,G20,3,0,1,in
green,a,G21,3,0,1,in
green,a,G22,3,3,1,in
green,a,G23,3,2,1,in
green,a,G24,3,0,NA,NA
green,a,G25,3,1,1,in
green,a,G26,3,1,1,in
green,a,G27,3,0,1,in
green,a,G28,3,2,1,in
green,a,G29,3,3,0,un
green,a,G30,3,1,1,in
green,a,G31,3,0,0,un
green,a,G32,3,0,1,in
green,a,G33,3,0,0,un
green,a,G34,3,1,1,in
green,a,G35,3,2,0,un
green,a,G36,3,1,0,un
green,a,G37,3,2,1,in
green,a,G38,3,2,1,in
green,a,G39,3,0,0,un
green,a,G40,3,0,1,in
green,a,G41,3,0,1,in
green,a,G42,3,0,0,un
green,a,G43,3,1,1,in
green,a,G44,3,2,1,in
green,a,G45,3,0,1,in
green,a,G46,3,0,1,in
green,a,G47,3,4,0,un
green,a,G48,3,0,1,in
green,a,G49,3,3,0,un
green,a,G50,3,0,1,in
green,a,G51,3,0,0,un
green,a,G52,3,2,1,in
green,a,G53,3,1,0,un
green,a,G54,3,1,1,in
green,a,G55,3,1,0,in
green,a,G56,3,1,1,in
green,a,G57,3,0,0,un
green,a,G58,3,0,1,in
green,a,G59,3,1,0,un
green,a,G60,3,0,1,in
green,a,G1,4,0,1,in
green,a,G2,4,0,1,in
green,a,G3,4,0,1,in
green,a,G4,4,2,0,un
green,a,G5,4,4,0,un
green,a,G6,4,7,0,un
green,a,G7,4,2,1,in
green,a,G8,4,0,1,in
green,a,G9,4,1,1,in
green,a,G10,4,0,1,in
green,a,G11,4,0,1,in
green,a,G12,4,7,1,in
green,a,G13,4,3,1,in
green,a,G14,4,4,1,in
green,a,G15,4,NA,NA,NA
green,a,G16,4,6,0,un
green,a,G17,4,0,1,in
green,a,G18,4,2,1,in
green,a,G19,4,1,1,in
green,a,G20,4,0,1,in
green,a,G21,4,3,1,in
green,a,G22,4,2,1,in
green,a,G23,4,4,1,in
green,a,G24,4,NA,NA,NA
green,a,G25,4,0,1,in
green,a,G26,4,0,1,in
green,a,G27,4,0,1,in
green,a,G28,4,2,1,in
green,a,G29,4,6,0,un
green,a,G30,4,0,1,in
green,a,G31,4,1,0,un
green,a,G32,4,0,1,in
green,a,G33,4,4,0,un
green,a,G34,4,3,1,in
green,a,G35,4,6,0,un
green,a,G36,4,2,0,un
green,a,G37,4,2,1,in
green,a,G38,4,0,1,in
green,a,G39,4,4,0,un
green,a,G40,4,0,1,in
green,a,G41,4,0,1,in
green,a,G42,4,6,0,un
green,a,G43,4,0,1,in
green,a,G44,4,3,1,in
green,a,G45,4,0,1,in
green,a,G46,4,0,1,in
green,a,G47,4,6,0,un
green,a,G48,4,0,1,in
green,a,G49,4,9,0,un
green,a,G50,4,0,1,in
green,a,G51,4,0,0,un
green,a,G52,4,0,1,in
green,a,G53,4,4,0,un
green,a,G54,4,0,1,in
green,a,G55,4,7,0,in
green,a,G56,4,4,1,in
green,a,G57,4,2,0,un
green,a,G58,4,0,1,in
green,a,G59,4,6,0,un
green,a,G60,4,2,1,in
green,a,G1,5,0,1,in
green,a,G2,5,0,1,in
green,a,G3,5,0,1,in
green,a,G4,5,4,0,un
green,a,G5,5,4,0,un
green,a,G6,5,6,0,un
green,a,G7,5,0,1,in
green,a,G8,5,0,1,in
green,a,G9,5,1,1,in
green,a,G10,5,0,1,in
green,a,G11,5,0,1,in
green,a,G12,5,6,1,in
green,a,G13,5,0,1,in
green,a,G14,5,1,1,in
green,a,G15,5,NA,NA,NA
green,a,G16,5,0,0,un
green,a,G17,5,0,1,in
green,a,G18,5,0,1,in
green,a,G19,5,0,1,in
green,a,G20,5,0,1,in
green,a,G21,5,1,1,in
green,a,G22,5,0,1,in
green,a,G23,5,4,1,in
green,a,G24,5,NA,NA,NA
green,a,G25,5,0,1,in
green,a,G26,5,0,1,in
green,a,G27,5,0,1,in
green,a,G28,5,0,1,in
green,a,G29,5,6,0,un
green,a,G30,5,0,1,in
green,a,G31,5,3,0,un
green,a,G32,5,0,1,in
green,a,G33,5,3,0,un
green,a,G34,5,1,1,in
green,a,G35,5,5,0,un
green,a,G36,5,4,0,un
green,a,G37,5,0,1,in
green,a,G38,5,0,1,in
green,a,G39,5,6,0,un
green,a,G40,5,0,1,in
green,a,G41,5,0,1,in
green,a,G42,5,13,0,un
green,a,G43,5,0,1,in
green,a,G44,5,0,1,in
green,a,G45,5,0,1,in
green,a,G46,5,0,1,in
green,a,G47,5,9,0,un
green,a,G48,5,0,1,in
green,a,G49,5,6,0,un
green,a,G50,5,0,1,in
green,a,G51,5,0,0,un
green,a,G52,5,1,1,in
green,a,G53,5,9,0,un
green,a,G54,5,0,1,in
green,a,G55,5,4,0,in
green,a,G56,5,4,1,in
green,a,G57,5,0,0,un
green,a,G58,5,0,1,in
green,a,G59,5,5,0,un
green,a,G60,5,0,1,in
green,a,G1,6,0,1,in
green,a,G2,6,0,1,in
green,a,G3,6,0,1,in
green,a,G4,6,0,0,un
green,a,G5,6,1,0,un
green,a,G6,6,0,0,un
green,a,G7,6,0,1,in
green,a,G8,6,0,1,in
green,a,G9,6,0,1,in
green,a,G10,6,0,1,in
green,a,G11,6,0,1,in
green,a,G12,6,5,1,in
green,a,G13,6,0,1,in
green,a,G14,6,0,1,in
green,a,G15,6,NA,NA,NA
green,a,G16,6,0,0,un
green,a,G17,6,0,1,in
green,a,G18,6,0,1,in
green,a,G19,6,0,1,in
green,a,G20,6,0,1,in
green,a,G21,6,0,1,in
green,a,G22,6,0,1,in
green,a,G23,6,0,1,in
green,a,G24,6,NA,NA,NA
green,a,G25,6,0,1,in
green,a,G26,6,0,1,in
green,a,G27,6,0,1,in
green,a,G28,6,0,1,in
green,a,G29,6,4,0,un
green,a,G30,6,0,1,in
green,a,G31,6,0,0,un
green,a,G32,6,0,1,in
green,a,G33,6,1,0,un
green,a,G34,6,5,1,in
green,a,G35,6,0,0,un
green,a,G36,6,0,0,un
green,a,G37,6,0,1,in
green,a,G38,6,1,1,in
green,a,G39,6,0,0,un
green,a,G40,6,0,1,in
green,a,G41,6,5,1,in
green,a,G42,6,0,0,un
green,a,G43,6,0,1,in
green,a,G44,6,0,1,in
green,a,G45,6,0,1,in
green,a,G46,6,3,1,in
green,a,G47,6,0,0,un
green,a,G48,6,1,1,in
green,a,G49,6,0,0,un
green,a,G50,6,0,1,in
green,a,G51,6,NA,0,un
green,a,G52,6,0,1,in
green,a,G53,6,0,0,un
green,a,G54,6,0,1,in
green,a,G55,6,0,0,in
green,a,G56,6,0,1,in
green,a,G57,6,0,0,un
green,a,G58,6,0,1,in
green,a,G59,6,1,0,un
green,a,G60,6,0,1,in
green,a,G1,7,0,1,in
green,a,G2,7,0,1,in
green,a,G3,7,0,1,in
green,a,G4,7,5,0,un
green,a,G5,7,0,0,un
green,a,G6,7,2,0,un
green,a,G7,7,0,1,in
green,a,G8,7,0,1,in
green,a,G9,7,0,1,in
green,a,G10,7,0,1,in
green,a,G11,7,0,1,in
green,a,G12,7,5,1,in
green,a,G13,7,0,1,in
green,a,G14,7,0,1,in
green,a,G15,7,NA,NA,NA
green,a,G16,7,0,0,un
green,a,G17,7,0,1,in
green,a,G18,7,0,1,in
green,a,G19,7,0,1,in
green,a,G20,7,0,1,in
green,a,G21,7,0,1,in
green,a,G22,7,0,1,in
green,a,G23,7,0,1,in
green,a,G24,7,NA,NA,NA
green,a,G25,7,0,1,in
green,a,G26,7,0,1,in
green,a,G27,7,0,1,in
green,a,G28,7,0,1,in
green,a,G29,7,12,0,un
green,a,G30,7,0,1,in
green,a,G31,7,2,0,un
green,a,G32,7,0,1,in
green,a,G33,7,4,0,un
green,a,G34,7,0,1,in
green,a,G35,7,5,0,un
green,a,G36,7,5,0,un
green,a,G37,7,0,1,in
green,a,G38,7,0,1,in
green,a,G39,7,7,0,un
green,a,G40,7,NA,1,in
green,a,G41,7,0,1,in
green,a,G42,7,10,0,un
green,a,G43,7,0,1,in
green,a,G44,7,0,1,in
green,a,G45,7,0,1,in
green,a,G46,7,0,1,in
green,a,G47,7,6,0,un
green,a,G48,7,0,1,in
green,a,G49,7,4,0,un
green,a,G50,7,0,1,in
green,a,G51,7,NA,0,un
green,a,G52,7,0,1,in
green,a,G53,7,7,0,un
green,a,G54,7,0,1,in
green,a,G55,7,3,0,in
green,a,G56,7,0,1,in
green,a,G57,7,0,0,un
green,a,G58,7,0,1,in
green,a,G59,7,4,0,un
green,a,G60,7,0,1,in
green,a,G1,8,0,1,in
green,a,G2,8,0,1,in
green,a,G3,8,0,1,in
green,a,G4,8,6,0,un
green,a,G5,8,0,0,un
green,a,G6,8,6,0,un
green,a,G7,8,0,1,in
green,a,G8,8,0,1,in
green,a,G9,8,0,1,in
green,a,G10,8,0,1,in
green,a,G11,8,0,1,in
green,a,G12,8,2,1,in
green,a,G13,8,0,1,in
green,a,G14,8,0,1,in
green,a,G15,8,NA,NA,NA
green,a,G16,8,0,0,un
green,a,G17,8,0,1,in
green,a,G18,8,0,1,in
green,a,G19,8,0,1,in
green,a,G20,8,0,1,in
green,a,G21,8,0,1,in
green,a,G22,8,0,1,in
green,a,G23,8,0,1,in
green,a,G24,8,NA,NA,NA
green,a,G25,8,0,1,in
green,a,G26,8,0,1,in
green,a,G27,8,0,1,in
green,a,G28,8,0,1,in
green,a,G29,8,5,0,un
green,a,G30,8,0,1,in
green,a,G31,8,2,0,un
green,a,G32,8,0,1,in
green,a,G33,8,5,0,un
green,a,G34,8,1,1,in
green,a,G35,8,4,0,un
green,a,G36,8,6,0,un
green,a,G37,8,0,1,in
green,a,G38,8,0,1,in
green,a,G39,8,3,0,un
green,a,G40,8,NA,1,in
green,a,G41,8,0,1,in
green,a,G42,8,15,0,un
green,a,G43,8,0,1,in
green,a,G44,8,0,1,in
green,a,G45,8,0,1,in
green,a,G46,8,0,1,in
green,a,G47,8,4,0,un
green,a,G48,8,0,1,in
green,a,G49,8,3,0,un
green,a,G50,8,NA,1,in
green,a,G51,8,NA,0,un
green,a,G52,8,0,1,in
green,a,G53,8,7,0,un
green,a,G54,8,0,1,in
green,a,G55,8,1,0,in
green,a,G56,8,0,1,in
green,a,G57,8,0,0,un
green,a,G58,8,NA,1,in
green,a,G59,8,0,0,un
green,a,G60,8,0,1,in
yellow,b,Y1,1,4,0,un
yellow,b,Y2,1,8,0,un
yellow,b,Y3,1,5,0,un
yellow,b,Y4,1,10,0,un
yellow,b,Y5,1,6,0,un
yellow,b,Y6,1,0,0,un
yellow,b,Y7,1,0,0,un
yellow,b,Y8,1,6,0,un
yellow,b,Y9,1,4,0,un
yellow,b,Y10,1,4,1,in
yellow,b,Y11,1,3,0,un
yellow,b,Y12,1,6,0,un
yellow,b,Y13,1,2,0,un
yellow,b,Y14,1,7,0,un
yellow,b,Y15,1,0,NA,NA
yellow,b,Y16,1,0,0,un
yellow,b,Y17,1,5,0,un
yellow,b,Y18,1,4,0,un
yellow,b,Y19,1,0,0,un
yellow,b,Y20,1,0,0,un
yellow,b,Y21,1,0,0,un
yellow,b,Y22,1,3,NA,NA
yellow,b,Y23,1,6,0,un
yellow,b,Y24,1,1,0,un
yellow,b,Y25,1,4,0,un
yellow,b,Y26,1,4,0,un
yellow,b,Y27,1,4,0,un
yellow,b,Y28,1,4,0,un
yellow,b,Y29,1,0,0,un
yellow,b,Y30,1,7,0,un
yellow,b,Y31,1,7,0,un
yellow,b,Y32,1,10,0,un
yellow,b,Y33,1,6,0,un
yellow,b,Y34,1,3,0,un
yellow,b,Y35,1,4,1,in
yellow,b,Y36,1,2,0,un
yellow,b,Y37,1,0,0,un
yellow,b,Y38,1,2,1,in
yellow,b,Y39,1,0,0,un
yellow,b,Y40,1,5,0,un
yellow,b,Y41,1,7,0,un
yellow,b,Y42,1,7,NA,NA
yellow,b,Y43,1,5,0,un
yellow,b,Y44,1,0,1,in
yellow,b,Y45,1,7,0,un
yellow,b,Y46,1,6,NA,NA
yellow,b,Y47,1,6,0,un
yellow,b,Y48,1,4,0,un
yellow,b,Y49,1,6,1,in
yellow,b,Y50,1,0,0,un
yellow,b,Y51,1,0,1,in
yellow,b,Y52,1,10,0,un
yellow,b,Y53,1,0,1,in
yellow,b,Y54,1,0,0,un
yellow,b,Y55,1,6,1,in
yellow,b,Y56,1,7,1,in
yellow,b,Y57,1,5,0,un
yellow,b,Y58,1,5,0,un
yellow,b,Y59,1,0,0,un
yellow,b,Y60,1,6,0,un
yellow,b,Y1,2,6,0,un
yellow,b,Y2,2,8,0,un
yellow,b,Y3,2,9,0,un
yellow,b,Y4,2,7,0,un
yellow,b,Y5,2,6,0,un
yellow,b,Y6,2,0,0,un
yellow,b,Y7,2,2,0,un
yellow,b,Y8,2,6,0,un
yellow,b,Y9,2,5,0,un
yellow,b,Y10,2,7,1,in
yellow,b,Y11,2,4,0,un
yellow,b,Y12,2,7,0,un
yellow,b,Y13,2,0,0,un
yellow,b,Y14,2,5,0,un
yellow,b,Y15,2,4,NA,NA
yellow,b,Y16,2,5,0,un
yellow,b,Y17,2,6,0,un
yellow,b,Y18,2,6,0,un
yellow,b,Y19,2,0,0,un
yellow,b,Y20,2,0,0,un
yellow,b,Y21,2,2,0,un
yellow,b,Y22,2,3,NA,NA
yellow,b,Y23,2,6,0,un
yellow,b,Y24,2,7,0,un
yellow,b,Y25,2,5,0,un
yellow,b,Y26,2,12,0,un
yellow,b,Y27,2,3,0,un
yellow,b,Y28,2,5,0,un
yellow,b,Y29,2,3,0,un
yellow,b,Y30,2,12,0,un
yellow,b,Y31,2,5,0,un
yellow,b,Y32,2,8,0,un
yellow,b,Y33,2,6,0,un
yellow,b,Y34,2,7,0,un
yellow,b,Y35,2,4,1,in
yellow,b,Y36,2,4,0,un
yellow,b,Y37,2,3,0,un
yellow,b,Y38,2,1,1,in
yellow,b,Y39,2,0,0,un
yellow,b,Y40,2,3,0,un
yellow,b,Y41,2,7,0,un
yellow,b,Y42,2,9,NA,NA
yellow,b,Y43,2,7,0,un
yellow,b,Y44,2,0,1,in
yellow,b,Y45,2,3,0,un
yellow,b,Y46,2,6,NA,NA
yellow,b,Y47,2,7,0,un
yellow,b,Y48,2,5,0,un
yellow,b,Y49,2,8,1,in
yellow,b,Y50,2,0,0,un
yellow,b,Y51,2,0,1,in
yellow,b,Y52,2,12,0,un
yellow,b,Y53,2,3,1,in
yellow,b,Y54,2,6,0,un
yellow,b,Y55,2,5,1,in
yellow,b,Y56,2,2,1,in
yellow,b,Y57,2,3,0,un
yellow,b,Y58,2,4,0,un
yellow,b,Y59,2,0,0,un
yellow,b,Y60,2,6,0,un
yellow,b,Y1,3,0,0,un
yellow,b,Y2,3,3,0,un
yellow,b,Y3,3,2,0,un
yellow,b,Y4,3,7,0,un
yellow,b,Y5,3,3,0,un
yellow,b,Y6,3,0,0,un
yellow,b,Y7,3,0,0,un
yellow,b,Y8,3,1,0,un
yellow,b,Y9,3,2,0,un
yellow,b,Y10,3,1,1,in
yellow,b,Y11,3,0,0,un
yellow,b,Y12,3,1,0,un
yellow,b,Y13,3,1,0,un
yellow,b,Y14,3,2,0,un
yellow,b,Y15,3,0,NA,NA
yellow,b,Y16,3,0,0,un
yellow,b,Y17,3,3,0,un
yellow,b,Y18,3,2,0,un
yellow,b,Y19,3,1,0,un
yellow,b,Y20,3,0,0,un
yellow,b,Y21,3,2,0,un
yellow,b,Y22,3,0,NA,NA
yellow,b,Y23,3,3,0,un
yellow,b,Y24,3,5,0,un
yellow,b,Y25,3,1,0,un
yellow,b,Y26,3,2,0,un
yellow,b,Y27,3,0,0,un
yellow,b,Y28,3,6,0,un
yellow,b,Y29,3,3,0,un
yellow,b,Y30,3,4,0,un
yellow,b,Y31,3,6,0,un
yellow,b,Y32,3,2,0,un
yellow,b,Y33,3,4,0,un
yellow,b,Y34,3,4,0,un
yellow,b,Y35,3,2,1,in
yellow,b,Y36,3,2,0,un
yellow,b,Y37,3,2,0,un
yellow,b,Y38,3,1,1,in
yellow,b,Y39,3,1,0,un
yellow,b,Y40,3,2,0,un
yellow,b,Y41,3,2,0,un
yellow,b,Y42,3,1,NA,NA
yellow,b,Y43,3,5,0,un
yellow,b,Y44,3,0,1,in
yellow,b,Y45,3,1,0,un
yellow,b,Y46,3,1,NA,NA
yellow,b,Y47,3,2,0,un
yellow,b,Y48,3,4,0,un
yellow,b,Y49,3,4,1,in
yellow,b,Y50,3,2,0,un
yellow,b,Y51,3,3,1,in
yellow,b,Y52,3,2,0,un
yellow,b,Y53,3,0,1,in
yellow,b,Y54,3,1,0,un
yellow,b,Y55,3,1,1,in
yellow,b,Y56,3,0,1,in
yellow,b,Y57,3,3,0,un
yellow,b,Y58,3,4,0,un
yellow,b,Y59,3,1,0,un
yellow,b,Y60,3,3,0,un
yellow,b,Y1,4,0,0,un
yellow,b,Y2,4,3,0,un
yellow,b,Y3,4,4,0,un
yellow,b,Y4,4,5,0,un
yellow,b,Y5,4,2,0,un
yellow,b,Y6,4,0,0,un
yellow,b,Y7,4,3,0,un
yellow,b,Y8,4,1,0,un
yellow,b,Y9,4,3,0,un
yellow,b,Y10,4,0,1,in
yellow,b,Y11,4,3,0,un
yellow,b,Y12,4,4,0,un
yellow,b,Y13,4,0,0,un
yellow,b,Y14,4,4,0,un
yellow,b,Y15,4,0,NA,NA
yellow,b,Y16,4,0,0,un
yellow,b,Y17,4,5,0,un
yellow,b,Y18,4,5,0,un
yellow,b,Y19,4,3,0,un
yellow,b,Y20,4,0,0,un
yellow,b,Y21,4,6,0,un
yellow,b,Y22,4,0,NA,NA
yellow,b,Y23,4,2,0,un
yellow,b,Y24,4,7,0,un
yellow,b,Y25,4,1,0,un
yellow,b,Y26,4,6,0,un
yellow,b,Y27,4,0,0,un
yellow,b,Y28,4,5,0,un
yellow,b,Y29,4,6,0,un
yellow,b,Y30,4,5,0,un
yellow,b,Y31,4,5,0,un
yellow,b,Y32,4,5,0,un
yellow,b,Y33,4,5,0,un
yellow,b,Y34,4,8,0,un
yellow,b,Y35,4,0,1,in
yellow,b,Y36,4,2,0,un
yellow,b,Y37,4,4,0,un
yellow,b,Y38,4,0,1,in
yellow,b,Y39,4,9,0,un
yellow,b,Y40,4,1,0,un
yellow,b,Y41,4,4,0,un
yellow,b,Y42,4,NA,NA,NA
yellow,b,Y43,4,7,0,un
yellow,b,Y44,4,0,1,in
yellow,b,Y45,4,1,0,un
yellow,b,Y46,4,0,NA,NA
yellow,b,Y47,4,3,0,un
yellow,b,Y48,4,7,0,un
yellow,b,Y49,4,0,1,in
yellow,b,Y50,4,4,0,un
yellow,b,Y51,4,0,1,in
yellow,b,Y52,4,4,0,un
yellow,b,Y53,4,0,1,in
yellow,b,Y54,4,4,0,un
yellow,b,Y55,4,0,1,in
yellow,b,Y56,4,1,1,in
yellow,b,Y57,4,1,0,un
yellow,b,Y58,4,5,0,un
yellow,b,Y59,4,3,0,un
yellow,b,Y60,4,4,0,un
yellow,b,Y1,5,0,0,un
yellow,b,Y2,5,4,0,un
yellow,b,Y3,5,3,0,un
yellow,b,Y4,5,2,0,un
yellow,b,Y5,5,2,0,un
yellow,b,Y6,5,0,0,un
yellow,b,Y7,5,0,0,un
yellow,b,Y8,5,0,0,un
yellow,b,Y9,5,0,0,un
yellow,b,Y10,5,0,1,in
yellow,b,Y11,5,0,0,un
yellow,b,Y12,5,2,0,un
yellow,b,Y13,5,1,0,un
yellow,b,Y14,5,5,0,un
yellow,b,Y15,5,NA,NA,NA
yellow,b,Y16,5,0,0,un
yellow,b,Y17,5,3,0,un
yellow,b,Y18,5,0,0,un
yellow,b,Y19,5,2,0,un
yellow,b,Y20,5,0,0,un
yellow,b,Y21,5,0,0,un
yellow,b,Y22,5,0,NA,NA
yellow,b,Y23,5,2,0,un
yellow,b,Y24,5,2,0,un
yellow,b,Y25,5,0,0,un
yellow,b,Y26,5,1,0,un
yellow,b,Y27,5,0,0,un
yellow,b,Y28,5,1,0,un
yellow,b,Y29,5,2,0,un
yellow,b,Y30,5,3,0,un
yellow,b,Y31,5,6,0,un
yellow,b,Y32,5,6,0,un
yellow,b,Y33,5,1,0,un
yellow,b,Y34,5,6,0,un
yellow,b,Y35,5,0,1,in
yellow,b,Y36,5,0,0,un
yellow,b,Y37,5,1,0,un
yellow,b,Y38,5,0,1,in
yellow,b,Y39,5,4,0,un
yellow,b,Y40,5,3,0,un
yellow,b,Y41,5,2,0,un
yellow,b,Y42,5,NA,NA,NA
yellow,b,Y43,5,4,0,un
yellow,b,Y44,5,0,1,in
yellow,b,Y45,5,0,0,un
yellow,b,Y46,5,NA,NA,NA
yellow,b,Y47,5,1,0,un
yellow,b,Y48,5,5,0,un
yellow,b,Y49,5,0,1,in
yellow,b,Y50,5,6,0,un
yellow,b,Y51,5,2,1,in
yellow,b,Y52,5,5,0,un
yellow,b,Y53,5,0,1,in
yellow,b,Y54,5,2,0,un
yellow,b,Y55,5,0,1,in
yellow,b,Y56,5,0,1,in
yellow,b,Y57,5,1,0,un
yellow,b,Y58,5,1,0,un
yellow,b,Y59,5,3,0,un
yellow,b,Y60,5,2,0,un
yellow,b,Y1,6,0,0,un
yellow,b,Y2,6,0,0,un
yellow,b,Y3,6,0,0,un
yellow,b,Y4,6,2,0,un
yellow,b,Y5,6,0,0,un
yellow,b,Y6,6,1,0,un
yellow,b,Y7,6,0,0,un
yellow,b,Y8,6,0,0,un
yellow,b,Y9,6,3,0,un
yellow,b,Y10,6,0,1,in
yellow,b,Y11,6,0,0,un
yellow,b,Y12,6,1,0,un
yellow,b,Y13,6,0,0,un
yellow,b,Y14,6,3,0,un
yellow,b,Y15,6,NA,NA,NA
yellow,b,Y16,6,0,0,un
yellow,b,Y17,6,3,0,un
yellow,b,Y18,6,1,0,un
yellow,b,Y19,6,0,0,un
yellow,b,Y20,6,0,0,un
yellow,b,Y21,6,0,0,un
yellow,b,Y22,6,NA,NA,NA
yellow,b,Y23,6,0,0,un
yellow,b,Y24,6,5,0,un
yellow,b,Y25,6,0,0,un
yellow,b,Y26,6,0,0,un
yellow,b,Y27,6,0,0,un
yellow,b,Y28,6,0,0,un
yellow,b,Y29,6,5,0,un
yellow,b,Y30,6,6,0,un
yellow,b,Y31,6,1,0,un
yellow,b,Y32,6,4,0,un
yellow,b,Y33,6,0,0,un
yellow,b,Y34,6,0,0,un
yellow,b,Y35,6,0,1,in
yellow,b,Y36,6,1,0,un
yellow,b,Y37,6,0,0,un
yellow,b,Y38,6,0,1,in
yellow,b,Y39,6,2,0,un
yellow,b,Y40,6,0,0,un
yellow,b,Y41,6,0,0,un
yellow,b,Y42,6,NA,NA,NA
yellow,b,Y43,6,1,0,un
yellow,b,Y44,6,0,1,in
yellow,b,Y45,6,0,0,un
yellow,b,Y46,6,NA,NA,NA
yellow,b,Y47,6,0,0,un
yellow,b,Y48,6,4,0,un
yellow,b,Y49,6,NA,1,in
yellow,b,Y50,6,4,0,un
yellow,b,Y51,6,1,1,in
yellow,b,Y52,6,0,0,un
yellow,b,Y53,6,0,1,in
yellow,b,Y54,6,0,0,un
yellow,b,Y55,6,NA,1,in
yellow,b,Y56,6,0,1,in
yellow,b,Y57,6,0,0,un
yellow,b,Y58,6,0,0,un
yellow,b,Y59,6,3,0,un
yellow,b,Y60,6,0,0,un
yellow,b,Y1,7,0,0,un
yellow,b,Y2,7,0,0,un
yellow,b,Y3,7,0,0,un
yellow,b,Y4,7,5,0,un
yellow,b,Y5,7,0,0,un
yellow,b,Y6,7,2,0,un
yellow,b,Y7,7,0,0,un
yellow,b,Y8,7,0,0,un
yellow,b,Y9,7,3,0,un
yellow,b,Y10,7,0,1,in
yellow,b,Y11,7,0,0,un
yellow,b,Y12,7,0,0,un
yellow,b,Y13,7,0,0,un
yellow,b,Y14,7,1,0,un
yellow,b,Y15,7,NA,NA,NA
yellow,b,Y16,7,0,0,un
yellow,b,Y17,7,5,0,un
yellow,b,Y18,7,0,0,un
yellow,b,Y19,7,3,0,un
yellow,b,Y20,7,0,0,un
yellow,b,Y21,7,0,0,un
yellow,b,Y22,7,NA,NA,NA
yellow,b,Y23,7,0,0,un
yellow,b,Y24,7,7,0,un
yellow,b,Y25,7,0,0,un
yellow,b,Y26,7,0,0,un
yellow,b,Y27,7,0,0,un
yellow,b,Y28,7,1,0,un
yellow,b,Y29,7,6,0,un
yellow,b,Y30,7,9,0,un
yellow,b,Y31,7,2,0,un
yellow,b,Y32,7,4,0,un
yellow,b,Y33,7,1,0,un
yellow,b,Y34,7,1,0,un
yellow,b,Y35,7,0,1,in
yellow,b,Y36,7,0,0,un
yellow,b,Y37,7,0,0,un
yellow,b,Y38,7,0,1,in
yellow,b,Y39,7,0,0,un
yellow,b,Y40,7,0,0,un
yellow,b,Y41,7,0,0,un
yellow,b,Y42,7,NA,NA,NA
yellow,b,Y43,7,3,0,un
yellow,b,Y44,7,0,1,in
yellow,b,Y45,7,0,0,un
yellow,b,Y46,7,NA,NA,NA
yellow,b,Y47,7,0,0,un
yellow,b,Y48,7,5,0,un
yellow,b,Y49,7,NA,1,in
yellow,b,Y50,7,3,0,un
yellow,b,Y51,7,2,1,in
yellow,b,Y52,7,0,0,un
yellow,b,Y53,7,NA,1,in
yellow,b,Y54,7,0,0,un
yellow,b,Y55,7,NA,1,in
yellow,b,Y56,7,0,1,in
yellow,b,Y57,7,3,0,un
yellow,b,Y58,7,2,0,un
yellow,b,Y59,7,3,0,un
yellow,b,Y60,7,2,0,un
yellow,b,Y1,8,0,0,un
yellow,b,Y2,8,0,0,un
yellow,b,Y3,8,0,0,un
yellow,b,Y4,8,5,0,un
yellow,b,Y5,8,12,0,un
yellow,b,Y6,8,4,0,un
yellow,b,Y7,8,0,0,un
yellow,b,Y8,8,0,0,un
yellow,b,Y9,8,0,0,un
yellow,b,Y10,8,0,1,in
yellow,b,Y11,8,0,0,un
yellow,b,Y12,8,0,0,un
yellow,b,Y13,8,0,0,un
yellow,b,Y14,8,8,0,un
yellow,b,Y15,8,NA,NA,NA
yellow,b,Y16,8,0,0,un
yellow,b,Y17,8,11,0,un
yellow,b,Y18,8,0,0,un
yellow,b,Y19,8,0,0,un
yellow,b,Y20,8,0,0,un
yellow,b,Y21,8,0,0,un
yellow,b,Y22,8,NA,NA,NA
yellow,b,Y23,8,0,0,un
yellow,b,Y24,8,6,0,un
yellow,b,Y25,8,0,0,un
yellow,b,Y26,8,0,0,un
yellow,b,Y27,8,0,0,un
yellow,b,Y28,8,1,0,un
yellow,b,Y29,8,6,0,un
yellow,b,Y30,8,5,0,un
yellow,b,Y31,8,10,0,un
yellow,b,Y32,8,2,0,un
yellow,b,Y33,8,2,0,un
yellow,b,Y34,8,6,0,un
yellow,b,Y35,8,NA,1,in
yellow,b,Y36,8,NA,0,un
yellow,b,Y37,8,NA,0,un
yellow,b,Y38,8,NA,1,in
yellow,b,Y39,8,7,0,un
yellow,b,Y40,8,NA,0,un
yellow,b,Y41,8,NA,0,un
yellow,b,Y42,8,NA,NA,NA
yellow,b,Y43,8,6,0,un
yellow,b,Y44,8,NA,1,in
yellow,b,Y45,8,NA,0,un
yellow,b,Y46,8,NA,NA,NA
yellow,b,Y47,8,NA,0,un
yellow,b,Y48,8,5,0,un
yellow,b,Y49,8,NA,1,in
yellow,b,Y50,8,6,0,un
yellow,b,Y51,8,NA,1,in
yellow,b,Y52,8,NA,0,un
yellow,b,Y53,8,NA,1,in
yellow,b,Y54,8,3,0,un
yellow,b,Y55,8,NA,1,in
yellow,b,Y56,8,NA,1,in
yellow,b,Y57,8,1,0,un
yellow,b,Y58,8,5,0,un
yellow,b,Y59,8,3,0,un
yellow,b,Y60,8,3,0,un
orange,c,O1,1,1,0,un
orange,c,O2,1,4,0,un
orange,c,O3,1,4,0,un
orange,c,O4,1,3,1,in
orange,c,O5,1,4,0,un
orange,c,O6,1,3,NA,NA
orange,c,O7,1,1,0,un
orange,c,O8,1,0,0,un
orange,c,O9,1,0,0,un
orange,c,O10,1,1,NA,NA
orange,c,O11,1,4,0,un
orange,c,O12,1,5,0,un
orange,c,O13,1,7,0,un
orange,c,O14,1,6,0,un
orange,c,O15,1,0,0,un
orange,c,O16,1,0,0,un
orange,c,O17,1,0,0,un
orange,c,O18,1,3,0,un
orange,c,O19,1,5,0,un
orange,c,O20,1,3,0,un
orange,c,O21,1,0,0,un
orange,c,O22,1,4,1,in
orange,c,O23,1,2,0,un
orange,c,O24,1,4,NA,NA
orange,c,O25,1,0,0,un
orange,c,O26,1,6,NA,NA
orange,c,O27,1,3,1,in
orange,c,O28,1,2,1,in
orange,c,O29,1,4,0,un
orange,c,O30,1,5,0,un
orange,c,O31,1,4,0,un
orange,c,O32,1,1,0,un
orange,c,O33,1,4,0,un
orange,c,O34,1,0,1,in
orange,c,O35,1,0,0,un
orange,c,O36,1,5,NA,NA
orange,c,O37,1,8,0,un
orange,c,O38,1,7,0,un
orange,c,O39,1,0,0,un
orange,c,O40,1,5,0,un
orange,c,O41,1,0,0,un
orange,c,O42,1,4,NA,NA
orange,c,O43,1,6,0,un
orange,c,O44,1,5,0,un
orange,c,O45,1,5,NA,NA
orange,c,O46,1,0,NA,NA
orange,c,O1,2,1,0,un
orange,c,O2,2,5,0,un
orange,c,O3,2,4,0,un
orange,c,O4,2,5,1,in
orange,c,O5,2,5,0,un
orange,c,O6,2,1,NA,NA
orange,c,O7,2,11,0,un
orange,c,O8,2,5,0,un
orange,c,O9,2,0,0,un
orange,c,O10,2,1,NA,NA
orange,c,O11,2,6,0,un
orange,c,O12,2,7,0,un
orange,c,O13,2,6,0,un
orange,c,O14,2,7,0,un
orange,c,O15,2,4,0,un
orange,c,O16,2,6,0,un
orange,c,O17,2,5,0,un
orange,c,O18,2,4,0,un
orange,c,O19,2,5,0,un
orange,c,O20,2,9,0,un
orange,c,O21,2,0,0,un
orange,c,O22,2,5,1,in
orange,c,O23,2,2,0,un
orange,c,O24,2,3,NA,NA
orange,c,O25,2,0,0,un
orange,c,O26,2,NA,NA,NA
orange,c,O27,2,7,1,in
orange,c,O28,2,1,1,in
orange,c,O29,2,5,0,un
orange,c,O30,2,0,0,un
orange,c,O31,2,1,0,un
orange,c,O32,2,0,0,un
orange,c,O33,2,0,0,un
orange,c,O34,2,0,1,in
orange,c,O35,2,0,0,un
orange,c,O36,2,0,NA,NA
orange,c,O37,2,3,0,un
orange,c,O38,2,0,0,un
orange,c,O39,2,0,0,un
orange,c,O40,2,3,0,un
orange,c,O41,2,0,0,un
orange,c,O42,2,0,NA,NA
orange,c,O43,2,4,0,un
orange,c,O44,2,0,0,un
orange,c,O45,2,0,NA,NA
orange,c,O46,2,NA,NA,NA
orange,c,O1,3,1,0,un
orange,c,O2,3,4,0,un
orange,c,O3,3,2,0,un
orange,c,O4,3,1,1,in
orange,c,O5,3,1,0,un
orange,c,O6,3,NA,NA,NA
orange,c,O7,3,5,0,un
orange,c,O8,3,4,0,un
orange,c,O9,3,4,0,un
orange,c,O10,3,NA,NA,NA
orange,c,O11,3,5,0,un
orange,c,O12,3,4,0,un
orange,c,O13,3,4,0,un
orange,c,O14,3,4,0,un
orange,c,O15,3,2,0,un
orange,c,O16,3,3,0,un
orange,c,O17,3,4,0,un
orange,c,O18,3,1,0,un
orange,c,O19,3,3,0,un
orange,c,O20,3,1,0,un
orange,c,O21,3,0,0,un
orange,c,O22,3,2,1,in
orange,c,O23,3,0,0,un
orange,c,O24,3,NA,NA,NA
orange,c,O25,3,0,0,un
orange,c,O26,3,NA,NA,NA
orange,c,O27,3,2,1,in
orange,c,O28,3,1,1,in
orange,c,O29,3,4,0,un
orange,c,O30,3,0,0,un
orange,c,O31,3,0,0,un
orange,c,O32,3,0,0,un
orange,c,O33,3,0,0,un
orange,c,O34,3,0,1,in
orange,c,O35,3,0,0,un
orange,c,O36,3,0,NA,NA
orange,c,O37,3,2,0,un
orange,c,O38,3,0,0,un
orange,c,O39,3,0,0,un
orange,c,O40,3,3,0,un
orange,c,O41,3,0,0,un
orange,c,O42,3,2,NA,NA
orange,c,O43,3,7,0,un
orange,c,O44,3,5,0,un
orange,c,O45,3,NA,NA,NA
orange,c,O46,3,NA,NA,NA
orange,c,O1,4,0,0,un
orange,c,O2,4,1,0,un
orange,c,O3,4,0,0,un
orange,c,O4,4,0,1,in
orange,c,O5,4,1,0,un
orange,c,O6,4,NA,NA,NA
orange,c,O7,4,3,0,un
orange,c,O8,4,2,0,un
orange,c,O9,4,5,0,un
orange,c,O10,4,NA,NA,NA
orange,c,O11,4,2,0,un
orange,c,O12,4,2,0,un
orange,c,O13,4,10,0,un
orange,c,O14,4,1,0,un
orange,c,O15,4,2,0,un
orange,c,O16,4,4,0,un
orange,c,O17,4,2,0,un
orange,c,O18,4,4,0,un
orange,c,O19,4,2,0,un
orange,c,O20,4,1,0,un
orange,c,O21,4,0,0,un
orange,c,O22,4,0,1,in
orange,c,O23,4,1,0,un
orange,c,O24,4,NA,NA,NA
orange,c,O25,4,0,0,un
orange,c,O26,4,NA,NA,NA
orange,c,O27,4,0,1,in
orange,c,O28,4,1,1,in
orange,c,O29,4,2,0,un
orange,c,O30,4,0,0,un
orange,c,O31,4,0,0,un
orange,c,O32,4,0,0,un
orange,c,O33,4,0,0,un
orange,c,O34,4,0,1,in
orange,c,O35,4,0,0,un
orange,c,O36,4,NA,NA,NA
orange,c,O37,4,2,0,un
orange,c,O38,4,0,0,un
orange,c,O39,4,1,0,un
orange,c,O40,4,5,0,un
orange,c,O41,4,0,0,un
orange,c,O42,4,NA,NA,NA
orange,c,O43,4,5,0,un
orange,c,O44,4,1,0,un
orange,c,O45,4,NA,NA,NA
orange,c,O46,4,NA,NA,NA
orange,c,O1,5,0,0,un
orange,c,O2,5,0,0,un
orange,c,O3,5,0,0,un
orange,c,O4,5,0,1,in
orange,c,O5,5,1,0,un
orange,c,O6,5,NA,NA,NA
orange,c,O7,5,0,0,un
orange,c,O8,5,0,0,un
orange,c,O9,5,2,0,un
orange,c,O10,5,NA,NA,NA
orange,c,O11,5,2,0,un
orange,c,O12,5,1,0,un
orange,c,O13,5,7,0,un
orange,c,O14,5,2,0,un
orange,c,O15,5,0,0,un
orange,c,O16,5,2,0,un
orange,c,O17,5,0,0,un
orange,c,O18,5,1,0,un
orange,c,O19,5,2,0,un
orange,c,O20,5,4,0,un
orange,c,O21,5,0,0,un
orange,c,O22,5,0,1,in
orange,c,O23,5,1,0,un
orange,c,O24,5,NA,NA,NA
orange,c,O25,5,1,0,un
orange,c,O26,5,NA,NA,NA
orange,c,O27,5,0,1,in
orange,c,O28,5,0,1,in
orange,c,O29,5,3,0,un
orange,c,O30,5,0,0,un
orange,c,O31,5,0,0,un
orange,c,O32,5,0,0,un
orange,c,O33,5,0,0,un
orange,c,O34,5,0,1,in
orange,c,O35,5,0,0,un
orange,c,O36,5,NA,NA,NA
orange,c,O37,5,1,0,un
orange,c,O38,5,0,0,un
orange,c,O39,5,0,0,un
orange,c,O40,5,0,0,un
orange,c,O41,5,0,0,un
orange,c,O42,5,NA,NA,NA
orange,c,O43,5,3,0,un
orange,c,O44,5,0,0,un
orange,c,O45,5,NA,NA,NA
orange,c,O46,5,NA,NA,NA
orange,c,O1,6,NA,0,un
orange,c,O2,6,0,0,un
orange,c,O3,6,0,0,un
orange,c,O4,6,0,1,in
orange,c,O5,6,0,0,un
orange,c,O6,6,NA,NA,NA
orange,c,O7,6,NA,0,un
orange,c,O8,6,0,0,un
orange,c,O9,6,3,0,un
orange,c,O10,6,NA,NA,NA
orange,c,O11,6,0,0,un
orange,c,O12,6,2,0,un
orange,c,O13,6,1,0,un
orange,c,O14,6,0,0,un
orange,c,O15,6,0,0,un
orange,c,O16,6,NA,0,un
orange,c,O17,6,NA,0,un
orange,c,O18,6,1,0,un
orange,c,O19,6,1,0,un
orange,c,O20,6,0,0,un
orange,c,O21,6,0,0,un
orange,c,O22,6,NA,1,in
orange,c,O23,6,0,0,un
orange,c,O24,6,NA,NA,NA
orange,c,O25,6,0,0,un
orange,c,O26,6,NA,NA,NA
orange,c,O27,6,0,1,in
orange,c,O28,6,0,1,in
orange,c,O29,6,0,0,un
orange,c,O30,6,0,0,un
orange,c,O31,6,NA,0,un
orange,c,O32,6,NA,0,un
orange,c,O33,6,NA,0,un
orange,c,O34,6,0,1,in
orange,c,O35,6,0,0,un
orange,c,O36,6,NA,NA,NA
orange,c,O37,6,0,0,un
orange,c,O38,6,NA,0,un
orange,c,O39,6,0,0,un
orange,c,O40,6,0,0,un
orange,c,O41,6,NA,0,un
orange,c,O42,6,NA,NA,NA
orange,c,O43,6,3,0,un
orange,c,O44,6,NA,0,un
orange,c,O45,6,NA,NA,NA
orange,c,O46,6,NA,NA,NA
orange,c,O1,7,NA,0,un
orange,c,O2,7,0,0,un
orange,c,O3,7,0,0,un
orange,c,O4,7,0,1,in
orange,c,O5,7,1,0,un
orange,c,O6,7,NA,NA,NA
orange,c,O7,7,NA,0,un
orange,c,O8,7,0,0,un
orange,c,O9,7,4,0,un
orange,c,O10,7,NA,NA,NA
orange,c,O11,7,0,0,un
orange,c,O12,7,0,0,un
orange,c,O13,7,3,0,un
orange,c,O14,7,0,0,un
orange,c,O15,7,1,0,un
orange,c,O16,7,NA,0,un
orange,c,O17,7,NA,0,un
orange,c,O18,7,0,0,un
orange,c,O19,7,1,0,un
orange,c,O20,7,0,0,un
orange,c,O21,7,0,0,un
orange,c,O22,7,NA,1,in
orange,c,O23,7,0,0,un
orange,c,O24,7,NA,NA,NA
orange,c,O25,7,0,0,un
orange,c,O26,7,NA,NA,NA
orange,c,O27,7,0,1,in
orange,c,O28,7,NA,1,in
orange,c,O29,7,0,0,un
orange,c,O30,7,0,0,un
orange,c,O31,7,NA,0,un
orange,c,O32,7,NA,0,un
orange,c,O33,7,NA,0,un
orange,c,O34,7,NA,1,in
orange,c,O35,7,0,0,un
orange,c,O36,7,NA,NA,NA
orange,c,O37,7,0,0,un
orange,c,O38,7,NA,0,un
orange,c,O39,7,NA,0,un
orange,c,O40,7,0,0,un
orange,c,O41,7,NA,0,un
orange,c,O42,7,NA,NA,NA
orange,c,O43,7,9,0,un
orange,c,O44,7,NA,0,un
orange,c,O45,7,NA,NA,NA
orange,c,O46,7,NA,NA,NA
orange,c,O1,8,NA,0,un
orange,c,O2,8,0,0,un
orange,c,O3,8,0,0,un
orange,c,O4,8,NA,1,in
orange,c,O5,8,0,0,un
orange,c,O6,8,NA,NA,NA
orange,c,O7,8,NA,0,un
orange,c,O8,8,0,0,un
orange,c,O9,8,3,0,un
orange,c,O10,8,NA,NA,NA
orange,c,O11,8,0,0,un
orange,c,O12,8,0,0,un
orange,c,O13,8,4,0,un
orange,c,O14,8,0,0,un
orange,c,O15,8,0,0,un
orange,c,O16,8,NA,0,un
orange,c,O17,8,NA,0,un
orange,c,O18,8,0,0,un
orange,c,O19,8,0,0,un
orange,c,O20,8,0,0,un
orange,c,O21,8,2,0,un
orange,c,O22,8,NA,1,in
orange,c,O23,8,0,0,un
orange,c,O24,8,NA,NA,NA
orange,c,O25,8,0,0,un
orange,c,O26,8,NA,NA,NA
orange,c,O27,8,NA,1,in
orange,c,O28,8,NA,1,in
orange,c,O29,8,0,0,un
orange,c,O30,8,0,0,un
orange,c,O31,8,NA,0,un
orange,c,O32,8,NA,0,un
orange,c,O33,8,NA,0,un
orange,c,O34,8,NA,1,in
orange,c,O35,8,0,0,un
orange,c,O36,8,NA,NA,NA
orange,c,O37,8,0,0,un
orange,c,O38,8,NA,0,un
orange,c,O39,8,NA,0,un
orange,c,O40,8,0,0,un
orange,c,O41,8,NA,0,un
orange,c,O42,8,NA,NA,NA
orange,c,O43,8,NA,0,un
orange,c,O44,8,NA,0,un
orange,c,O45,8,NA,NA,NA
orange,c,O46,8,NA,NA,NA
white,d,W1,1,2,NA,NA
white,d,W2,1,0,0,un
white,d,W3,1,0,0,un
white,d,W4,1,0,0,un
white,d,W5,1,0,0,un
white,d,W6,1,NA,NA,NA
white,d,W7,1,0,NA,NA
white,d,W8,1,0,0,un
white,d,W9,1,2,0,un
white,d,W10,1,0,0,un
white,d,W11,1,3,NA,NA
white,d,W12,1,0,0,un
white,d,W13,1,2,0,un
white,d,W14,1,0,NA,NA
white,d,W15,1,0,0,un
white,d,W16,1,0,NA,NA
white,d,W17,1,2,0,un
white,d,W18,1,2,0,un
white,d,W19,1,0,0,un
white,d,W20,1,4,0,un
white,d,W21,1,0,0,un
white,d,W22,1,NA,NA,NA
white,d,W23,1,1,0,un
white,d,W24,1,4,NA,NA
white,d,W25,1,2,0,un
white,d,W26,1,3,0,un
white,d,W27,1,4,0,un
white,d,W28,1,0,0,un
white,d,W29,1,1,0,un
white,d,W30,1,1,0,un
white,d,W31,1,0,NA,NA
white,d,W32,1,4,1,in
white,d,W33,1,3,0,un
white,d,W34,1,0,0,un
white,d,W35,1,2,0,un
white,d,W36,1,0,NA,NA
white,d,W37,1,0,0,un
white,d,W38,1,0,0,un
white,d,W39,1,2,0,un
white,d,W40,1,0,NA,NA
white,d,W41,1,5,0,un
white,d,W42,1,0,0,un
white,d,W43,1,0,1,in
white,d,W44,1,4,0,un
white,d,W45,1,0,1,in
white,d,W46,1,0,0,un
white,d,W47,1,2,0,un
white,d,W48,1,1,NA,NA
white,d,W49,1,5,0,un
white,d,W50,1,0,0,un
white,d,W51,1,0,NA,NA
white,d,W52,1,0,NA,NA
white,d,W53,1,0,0,un
white,d,W54,1,0,1,in
white,d,W55,1,2,NA,NA
white,d,W56,1,0,0,un
white,d,W57,1,2,0,un
white,d,W58,1,0,NA,NA
white,d,W59,1,0,0,un
white,d,W1,2,2,NA,NA
white,d,W2,2,0,0,un
white,d,W3,2,3,0,un
white,d,W4,2,0,0,un
white,d,W5,2,0,0,un
white,d,W6,2,NA,NA,NA
white,d,W7,2,0,NA,NA
white,d,W8,2,0,0,un
white,d,W9,2,2,0,un
white,d,W10,2,0,0,un
white,d,W11,2,3,NA,NA
white,d,W12,2,2,0,un
white,d,W13,2,0,0,un
white,d,W14,2,0,NA,NA
white,d,W15,2,0,0,un
white,d,W16,2,0,NA,NA
white,d,W17,2,1,0,un
white,d,W18,2,2,0,un
white,d,W19,2,1,0,un
white,d,W20,2,2,0,un
white,d,W21,2,1,0,un
white,d,W22,2,NA,NA,NA
white,d,W23,2,3,0,un
white,d,W24,2,2,NA,NA
white,d,W25,2,3,0,un
white,d,W26,2,0,0,un
white,d,W27,2,3,0,un
white,d,W28,2,2,0,un
white,d,W29,2,2,0,un
white,d,W30,2,1,0,un
white,d,W31,2,0,NA,NA
white,d,W32,2,2,1,in
white,d,W33,2,0,0,un
white,d,W34,2,0,0,un
white,d,W35,2,7,0,un
white,d,W36,2,0,NA,NA
white,d,W37,2,1,0,un
white,d,W38,2,1,0,un
white,d,W39,2,0,0,un
white,d,W40,2,NA,NA,NA
white,d,W41,2,6,0,un
white,d,W42,2,0,0,un
white,d,W43,2,0,1,in
white,d,W44,2,4,0,un
white,d,W45,2,0,1,in
white,d,W46,2,0,0,un
white,d,W47,2,4,0,un
white,d,W48,2,0,NA,NA
white,d,W49,2,4,0,un
white,d,W50,2,0,0,un
white,d,W51,2,0,NA,NA
white,d,W52,2,NA,NA,NA
white,d,W53,2,0,0,un
white,d,W54,2,0,1,in
white,d,W55,2,0,NA,NA
white,d,W56,2,0,0,un
white,d,W57,2,2,0,un
white,d,W58,2,0,NA,NA
white,d,W59,2,1,0,un
white,d,W1,3,NA,NA,NA
white,d,W2,3,0,0,un
white,d,W3,3,1,0,un
white,d,W4,3,0,0,un
white,d,W5,3,0,0,un
white,d,W6,3,NA,NA,NA
white,d,W7,3,NA,NA,NA
white,d,W8,3,0,0,un
white,d,W9,3,0,0,un
white,d,W10,3,0,0,un
white,d,W11,3,NA,NA,NA
white,d,W12,3,0,0,un
white,d,W13,3,0,0,un
white,d,W14,3,0,NA,NA
white,d,W15,3,0,0,un
white,d,W16,3,0,NA,NA
white,d,W17,3,0,0,un
white,d,W18,3,0,0,un
white,d,W19,3,0,0,un
white,d,W20,3,2,0,un
white,d,W21,3,0,0,un
white,d,W22,3,NA,NA,NA
white,d,W23,3,1,0,un
white,d,W24,3,0,NA,NA
white,d,W25,3,2,0,un
white,d,W26,3,0,0,un
white,d,W27,3,1,0,un
white,d,W28,3,0,0,un
white,d,W29,3,0,0,un
white,d,W30,3,0,0,un
white,d,W31,3,NA,NA,NA
white,d,W32,3,0,1,in
white,d,W33,3,0,0,un
white,d,W34,3,0,0,un
white,d,W35,3,0,0,un
white,d,W36,3,NA,NA,NA
white,d,W37,3,0,0,un
white,d,W38,3,0,0,un
white,d,W39,3,0,0,un
white,d,W40,3,NA,NA,NA
white,d,W41,3,4,0,un
white,d,W42,3,0,0,un
white,d,W43,3,0,1,in
white,d,W44,3,4,0,un
white,d,W45,3,1,1,in
white,d,W46,3,0,0,un
white,d,W47,3,4,0,un
white,d,W48,3,0,NA,NA
white,d,W49,3,0,0,un
white,d,W50,3,0,0,un
white,d,W51,3,NA,NA,NA
white,d,W52,3,NA,NA,NA
white,d,W53,3,0,0,un
white,d,W54,3,0,1,in
white,d,W55,3,0,NA,NA
white,d,W56,3,0,0,un
white,d,W57,3,0,0,un
white,d,W58,3,0,NA,NA
white,d,W59,3,0,0,un
white,d,W1,4,NA,NA,NA
white,d,W2,4,0,0,un
white,d,W3,4,1,0,un
white,d,W4,4,0,0,un
white,d,W5,4,0,0,un
white,d,W6,4,NA,NA,NA
white,d,W7,4,NA,NA,NA
white,d,W8,4,0,0,un
white,d,W9,4,1,0,un
white,d,W10,4,0,0,un
white,d,W11,4,NA,NA,NA
white,d,W12,4,0,0,un
white,d,W13,4,0,0,un
white,d,W14,4,0,NA,NA
white,d,W15,4,0,0,un
white,d,W16,4,NA,NA,NA
white,d,W17,4,0,0,un
white,d,W18,4,0,0,un
white,d,W19,4,1,0,un
white,d,W20,4,2,0,un
white,d,W21,4,0,0,un
white,d,W22,4,NA,NA,NA
white,d,W23,4,1,0,un
white,d,W24,4,NA,NA,NA
white,d,W25,4,5,0,un
white,d,W26,4,0,0,un
white,d,W27,4,0,0,un
white,d,W28,4,1,0,un
white,d,W29,4,1,0,un
white,d,W30,4,0,0,un
white,d,W31,4,NA,NA,NA
white,d,W32,4,0,1,in
white,d,W33,4,0,0,un
white,d,W34,4,0,0,un
white,d,W35,4,1,0,un
white,d,W36,4,NA,NA,NA
white,d,W37,4,0,0,un
white,d,W38,4,0,0,un
white,d,W39,4,0,0,un
white,d,W40,4,NA,NA,NA
white,d,W41,4,2,0,un
white,d,W42,4,0,0,un
white,d,W43,4,0,1,in
white,d,W44,4,0,0,un
white,d,W45,4,1,1,in
white,d,W46,4,0,0,un
white,d,W47,4,0,0,un
white,d,W48,4,0,NA,NA
white,d,W49,4,0,0,un
white,d,W50,4,0,0,un
white,d,W51,4,NA,NA,NA
white,d,W52,4,NA,NA,NA
white,d,W53,4,0,0,un
white,d,W54,4,0,1,in
white,d,W55,4,0,NA,NA
white,d,W56,4,0,0,un
white,d,W57,4,0,0,un
white,d,W58,4,0,NA,NA
white,d,W59,4,0,0,un
white,d,W1,5,NA,NA,NA
white,d,W2,5,0,0,un
white,d,W3,5,3,0,un
white,d,W4,5,0,0,un
white,d,W5,5,0,0,un
white,d,W6,5,NA,NA,NA
white,d,W7,5,NA,NA,NA
white,d,W8,5,0,0,un
white,d,W9,5,0,0,un
white,d,W10,5,0,0,un
white,d,W11,5,NA,NA,NA
white,d,W12,5,0,0,un
white,d,W13,5,0,0,un
white,d,W14,5,0,NA,NA
white,d,W15,5,0,0,un
white,d,W16,5,NA,NA,NA
white,d,W17,5,0,0,un
white,d,W18,5,0,0,un
white,d,W19,5,0,0,un
white,d,W20,5,0,0,un
white,d,W21,5,0,0,un
white,d,W22,5,NA,NA,NA
white,d,W23,5,3,0,un
white,d,W24,5,NA,NA,NA
white,d,W25,5,3,0,un
white,d,W26,5,0,0,un
white,d,W27,5,1,0,un
white,d,W28,5,0,0,un
white,d,W29,5,0,0,un
white,d,W30,5,0,0,un
white,d,W31,5,NA,NA,NA
white,d,W32,5,0,1,in
white,d,W33,5,0,0,un
white,d,W34,5,0,0,un
white,d,W35,5,1,0,un
white,d,W36,5,NA,NA,NA
white,d,W37,5,0,0,un
white,d,W38,5,0,0,un
white,d,W39,5,NA,0,un
white,d,W40,5,NA,NA,NA
white,d,W41,5,3,0,un
white,d,W42,5,0,0,un
white,d,W43,5,0,1,in
white,d,W44,5,0,0,un
white,d,W45,5,0,1,in
white,d,W46,5,1,0,un
white,d,W47,5,1,0,un
white,d,W48,5,0,NA,NA
white,d,W49,5,0,0,un
white,d,W50,5,0,0,un
white,d,W51,5,NA,NA,NA
white,d,W52,5,NA,NA,NA
white,d,W53,5,0,0,un
white,d,W54,5,0,1,in
white,d,W55,5,0,NA,NA
white,d,W56,5,0,0,un
white,d,W57,5,0,0,un
white,d,W58,5,0,NA,NA
white,d,W59,5,0,0,un
white,d,W1,6,NA,NA,NA
white,d,W2,6,0,0,un
white,d,W3,6,0,0,un
white,d,W4,6,0,0,un
white,d,W5,6,0,0,un
white,d,W6,6,NA,NA,NA
white,d,W7,6,NA,NA,NA
white,d,W8,6,NA,0,un
white,d,W9,6,0,0,un
white,d,W10,6,0,0,un
white,d,W11,6,NA,NA,NA
white,d,W12,6,NA,0,un
white,d,W13,6,NA,0,un
white,d,W14,6,NA,NA,NA
white,d,W15,6,0,0,un
white,d,W16,6,NA,NA,NA
white,d,W17,6,0,0,un
white,d,W18,6,0,0,un
white,d,W19,6,0,0,un
white,d,W20,6,0,0,un
white,d,W21,6,0,0,un
white,d,W22,6,NA,NA,NA
white,d,W23,6,0,0,un
white,d,W24,6,NA,NA,NA
white,d,W25,6,0,0,un
white,d,W26,6,NA,0,un
white,d,W27,6,0,0,un
white,d,W28,6,0,0,un
white,d,W29,6,0,0,un
white,d,W30,6,0,0,un
white,d,W31,6,NA,NA,NA
white,d,W32,6,NA,1,in
white,d,W33,6,0,0,un
white,d,W34,6,0,0,un
white,d,W35,6,0,0,un
white,d,W36,6,NA,NA,NA
white,d,W37,6,0,0,un
white,d,W38,6,0,0,un
white,d,W39,6,NA,0,un
white,d,W40,6,NA,NA,NA
white,d,W41,6,1,0,un
white,d,W42,6,NA,0,un
white,d,W43,6,0,1,in
white,d,W44,6,0,0,un
white,d,W45,6,0,1,in
white,d,W46,6,1,0,un
white,d,W47,6,0,0,un
white,d,W48,6,NA,NA,NA
white,d,W49,6,0,0,un
white,d,W50,6,0,0,un
white,d,W51,6,NA,NA,NA
white,d,W52,6,NA,NA,NA
white,d,W53,6,0,0,un
white,d,W54,6,NA,1,in
white,d,W55,6,NA,NA,NA
white,d,W56,6,0,0,un
white,d,W57,6,0,0,un
white,d,W58,6,NA,NA,NA
white,d,W59,6,0,0,un
white,d,W1,7,NA,NA,NA
white,d,W2,7,NA,0,un
white,d,W3,7,0,0,un
white,d,W4,7,0,0,un
white,d,W5,7,NA,0,un
white,d,W6,7,NA,NA,NA
white,d,W7,7,NA,NA,NA
white,d,W8,7,NA,0,un
white,d,W9,7,0,0,un
white,d,W10,7,0,0,un
white,d,W11,7,NA,NA,NA
white,d,W12,7,NA,0,un
white,d,W13,7,NA,0,un
white,d,W14,7,NA,NA,NA
white,d,W15,7,NA,0,un
white,d,W16,7,NA,NA,NA
white,d,W17,7,NA,0,un
white,d,W18,7,0,0,un
white,d,W19,7,0,0,un
white,d,W20,7,0,0,un
white,d,W21,7,0,0,un
white,d,W22,7,NA,NA,NA
white,d,W23,7,0,0,un
white,d,W24,7,NA,NA,NA
white,d,W25,7,0,0,un
white,d,W26,7,NA,0,un
white,d,W27,7,0,0,un
white,d,W28,7,0,0,un
white,d,W29,7,0,0,un
white,d,W30,7,0,0,un
white,d,W31,7,NA,NA,NA
white,d,W32,7,NA,1,in
white,d,W33,7,0,0,un
white,d,W34,7,NA,0,un
white,d,W35,7,0,0,un
white,d,W36,7,NA,NA,NA
white,d,W37,7,0,0,un
white,d,W38,7,0,0,un
white,d,W39,7,NA,0,un
white,d,W40,7,NA,NA,NA
white,d,W41,7,NA,0,un
white,d,W42,7,NA,0,un
white,d,W43,7,1,1,in
white,d,W44,7,0,0,un
white,d,W45,7,0,1,in
white,d,W46,7,NA,0,un
white,d,W47,7,NA,0,un
white,d,W48,7,NA,NA,NA
white,d,W49,7,0,0,un
white,d,W50,7,0,0,un
white,d,W51,7,NA,NA,NA
white,d,W52,7,NA,NA,NA
white,d,W53,7,0,0,un
white,d,W54,7,NA,1,in
white,d,W55,7,NA,NA,NA
white,d,W56,7,0,0,un
white,d,W57,7,0,0,un
white,d,W58,7,NA,NA,NA
white,d,W59,7,0,0,un
white,d,W1,8,NA,NA,NA
white,d,W2,8,NA,0,un
white,d,W3,8,0,0,un
white,d,W4,8,0,0,un
white,d,W5,8,NA,0,un
white,d,W6,8,NA,NA,NA
white,d,W7,8,NA,NA,NA
white,d,W8,8,NA,0,un
white,d,W9,8,0,0,un
white,d,W10,8,0,0,un
white,d,W11,8,NA,NA,NA
white,d,W12,8,NA,0,un
white,d,W13,8,NA,0,un
white,d,W14,8,NA,NA,NA
white,d,W15,8,NA,0,un
white,d,W16,8,NA,NA,NA
white,d,W17,8,NA,0,un
white,d,W18,8,0,0,un
white,d,W19,8,0,0,un
white,d,W20,8,0,0,un
white,d,W21,8,0,0,un
white,d,W22,8,NA,NA,NA
white,d,W23,8,0,0,un
white,d,W24,8,NA,NA,NA
white,d,W25,8,0,0,un
white,d,W26,8,NA,0,un
white,d,W27,8,0,0,un
white,d,W28,8,0,0,un
white,d,W29,8,0,0,un
white,d,W30,8,0,0,un
white,d,W31,8,NA,NA,NA
white,d,W32,8,NA,1,in
white,d,W33,8,0,0,un
white,d,W34,8,NA,0,un
white,d,W35,8,0,0,un
white,d,W36,8,NA,NA,NA
white,d,W37,8,0,0,un
white,d,W38,8,0,0,un
white,d,W39,8,NA,0,un
white,d,W40,8,NA,NA,NA
white,d,W41,8,NA,0,un
white,d,W42,8,NA,0,un
white,d,W43,8,0,1,in
white,d,W44,8,0,0,un
white,d,W45,8,NA,1,in
white,d,W46,8,NA,0,un
white,d,W47,8,NA,0,un
white,d,W48,8,NA,NA,NA
white,d,W49,8,0,0,un
white,d,W50,8,0,0,un
white,d,W51,8,NA,NA,NA
white,d,W52,8,NA,NA,NA
white,d,W53,8,NA,0,un
white,d,W54,8,NA,1,in
white,d,W55,8,NA,NA,NA
white,d,W56,8,0,0,un
white,d,W57,8,NA,0,un
white,d,W58,8,NA,NA,NA
white,d,W59,8,NA,0,un
